step,reward,throughput,avg_wait,score,task_id,episode_throughput,episode_avg_wait,corridor_sync_score,policy_stability,spillback_count,emergency_delay,total_in_transit,budget_remaining,rationale,oversight_interventions_count,max_starvation_time,travel_time_mean,travel_time_variance,throughput_efficiency,fairness_score,stability_index,recovery_time
0,0.6899857476882747,19.105,6.065,0.7829209706528767,easy_fixed,19.105,6.065,0.55,1.0,0,0.0,7.392,3.0,Maintained stable policy.,0,1.0,0.6167,0.1484,0.8532,0.5685,0.8972,0
1,0.524228251808094,6.752,8.523,0.7712560014867486,easy_fixed,25.857,7.294,0.55,1.0,0,0.0,10.117,3.0,"prioritizing corridors NW0->SW0, NE0->SE0.",0,2.0,0.7915,0.2313,0.5673,0.5743,0.8972,0
2,0.466862861483509,7.062,11.474,0.7632558062055592,easy_fixed,32.919,8.688,0.55,0.921,0,0.0,12.928,0.968,"Addressing corridor_formation; prioritizing corridors NE0->SE0, NW0->SW0.",0,3.0,0.9664,0.3333,0.4765,0.5848,0.8828,0
3,0.7276182823496583,37.634,10.305,0.7604805689722044,easy_fixed,70.553,9.092,0.55,0.842,0,0.0,5.537,0.0,"Addressing corridor_formation, load_balancing; prioritizing corridors NW0->SW0, NE0->SE0.",0,4.0,0.9038,0.4372,0.7551,0.4108,0.8288,0
4,0.3694903306250601,5.432,13.735,0.7509852389786684,easy_fixed,75.985,10.021,0.55,0.842,0,0.0,2.812,1.773,"Addressing corridor_formation, load_balancing.",0,5.0,1.1312,0.5659,0.6465,0.4404,0.8108,0
5,0.6439736060736312,38.019,11.961,0.7484859574660634,easy_fixed,114.005,10.344,0.25,0.737,0,0.0,19.22,0.481,"Addressing load_balancing, stability_control.",0,6.0,1.0137,0.7692,0.8046,0.3144,0.647,0
6,0.7576355352154073,39.538,9.356,0.7645129453781512,easy_fixed,153.543,10.203,0.55,0.81,0,0.0,40.551,0.0,"Addressing corridor_formation, load_balancing; prioritizing corridors SW3->SE3, SE1->SW1.",0,7.0,0.8503,0.6966,0.9257,0.2998,0.6156,0
7,0.6788502600442576,29.811,8.353,0.7493276442792501,easy_fixed,183.354,9.972,0.7,0.759,0,0.0,53.776,0.212,"Addressing corridor_formation, load_balancing; prioritizing corridors SW2->NW2, SE2->NE2.",0,8.0,0.7936,0.6019,0.9633,0.2207,0.5479,0
8,0.5754241042532502,19.432,10.1,0.7548386987718165,easy_fixed,202.786,9.986,0.7,0.843,0,0.0,35.574,0.463,"Addressing corridor_formation, load_balancing; prioritizing corridors NW3->NE3, SW2->NW2.",0,9.0,1.056,0.7969,0.9422,0.224,0.6005,0
9,0.5052230768523749,23.843,12.749,0.7244468993535877,easy_fixed,226.629,10.262,0.75,0.851,0,0.0,15.325,1.08,"Addressing corridor_formation, load_balancing.",0,10.0,1.2883,1.1153,0.946,0.2401,0.6524,0
10,0.5698514509151595,46.207,11.183,0.7151393462831287,easy_fixed,272.836,10.346,0.25,0.852,0,0.0,24.383,1.687,"Addressing corridor_formation, load_balancing.",0,10.0,1.2014,1.0935,1.032,0.3036,0.6674,0
11,0.5553039599235877,33.657,11.928,0.7270012204266322,easy_fixed,306.493,10.478,0.25,0.672,0,0.0,23.364,0.0,"Addressing spillback_prevention, corridor_formation; prioritizing corridors NW0->SW0, NE1->NW1; mitigating anticipatory spillback.",0,10.0,1.1142,0.5902,1.0612,0.2607,0.5609,0
12,0.5089233070615322,27.274,13.208,0.7271116450549451,easy_fixed,333.766,10.688,0.25,0.808,0,0.0,29.886,1.655,"Addressing corridor_formation, load_balancing.",0,10.0,1.0899,0.9395,1.0672,0.2375,0.641,0
13,0.6643797143688408,49.583,11.594,0.7361775318034907,easy_fixed,383.349,10.753,0.45,0.919,0,0.0,25.26,1.638,"Addressing corridor_formation, load_balancing; prioritizing corridors SE1->SW1.",0,11.0,1.0619,1.0658,1.1362,0.1748,0.7669,0
14,0.6847256858261442,49.178,8.79,0.7411292855850034,easy_fixed,432.528,10.622,0.25,0.852,0,0.0,36.332,0.127,"Addressing corridor_formation, load_balancing; prioritizing corridors SE2->NE2, SW3->SE3.",0,11.0,0.7905,0.3329,1.1979,0.2837,0.5885,0
15,0.5555048009182085,22.266,9.569,0.7492455676793794,easy_fixed,454.794,10.556,0.25,0.781,0,0.0,38.313,0.741,"Addressing corridor_formation, load_balancing; prioritizing corridors NE0->SE0.",0,11.0,0.8897,0.4983,1.1811,0.2609,0.7469,0
16,0.6683680327544828,27.685,9.198,0.7557537006464123,easy_fixed,482.479,10.476,0.7,0.793,0,0.0,40.848,0.0,"Addressing corridor_formation, load_balancing; prioritizing corridors NE0->SE0.",0,11.0,1.0299,0.821,1.1818,0.3297,0.5621,0
17,0.6692706414193736,38.167,9.072,0.7404055235940531,easy_fixed,520.647,10.398,0.25,0.829,0,0.0,41.081,0.386,"Addressing corridor_formation, load_balancing; prioritizing corridors NE1->NW1, SW2->NW2; mitigating anticipatory spillback.",0,11.0,0.9905,0.6279,1.2062,0.3615,0.5723,0
18,0.36762066016657174,12.416,12.159,0.7280149537815125,easy_fixed,533.063,10.491,0.25,0.829,0,0.0,35.811,0.066,"Addressing corridor_formation, load_balancing; prioritizing corridors NW0->SW0; mitigating anticipatory spillback.",0,11.0,1.205,1.2871,1.1725,0.352,0.6425,0
19,0.41170263720905975,16.841,14.98,0.7284851515190691,easy_fixed,549.904,10.715,1.0,0.746,0,0.0,27.411,0.0,"Addressing spillback_prevention, corridor_formation; prioritizing corridors NW0->SW0, NE1->NW1.",0,11.0,1.4841,1.7919,1.1515,0.3344,0.5917,0
20,0.5718833235836736,31.574,16.724,0.7371268182288301,easy_fixed,581.478,11.001,1.0,0.763,0,0.0,16.106,0.0,"Addressing spillback_prevention, corridor_formation; prioritizing corridors NW3->NE3, NE1->NW1; mitigating anticipatory spillback.",0,11.0,1.5054,2.2202,1.1634,0.3003,0.5685,0
21,0.5471349335960591,55.212,13.605,0.7322233834518423,easy_fixed,636.69,11.12,0.0,0.773,1,0.0,21.217,0.0,"Addressing spillback_prevention, corridor_formation.",0,11.0,1.1884,1.3318,1.2223,0.2146,0.6573,0
22,0.6588242380842741,43.724,11.867,0.738812015255333,easy_fixed,680.414,11.152,0.55,0.87,2,0.0,9.424,0.0,"Addressing spillback_prevention, corridor_formation; prioritizing corridors SE1->SW1.",0,11.0,1.0789,0.8464,1.2541,0.3323,0.6011,0
23,0.6029546893150247,29.444,11.333,0.7392253553975437,easy_fixed,709.858,11.16,0.3,0.823,2,0.0,18.953,0.0,"Addressing spillback_prevention, corridor_formation.",0,11.0,0.9921,0.7105,1.259,0.2643,0.5911,0
24,0.6099370465087239,27.795,10.685,0.7321433138332255,easy_fixed,737.653,11.141,0.55,0.891,2,0.0,30.152,0.0,"Addressing spillback_prevention, corridor_formation; prioritizing corridors SW3->SE3; mitigating anticipatory spillback.",0,11.0,1.0165,0.8013,1.262,0.2493,0.5871,0
25,0.6979065589870961,41.167,8.62,0.7363104897220427,easy_fixed,778.82,11.044,0.3,0.891,2,0.0,52.467,0.0,"Addressing spillback_prevention, corridor_formation; prioritizing corridors SE2->NE2, SW2->NW2.",0,11.0,0.8001,0.5194,1.2866,0.254,0.618,0
26,0.6486677355866656,28.746,8.436,0.7370252499676794,easy_fixed,807.567,10.947,0.45,0.858,2,0.0,44.088,0.0,"Addressing spillback_prevention, corridor_formation; prioritizing corridors NE0->SE0, NW0->SW0; mitigating anticipatory spillback.",0,11.0,0.8224,0.5166,1.2887,0.413,0.5663,0
27,0.5903641133688264,22.659,10.133,0.7404904544925663,easy_fixed,830.225,10.918,1.0,0.789,2,0.0,23.465,0.0,"Addressing spillback_prevention, corridor_formation.",0,11.0,1.0225,0.6487,1.2822,0.4109,0.595,0
28,0.47181379448197236,20.582,13.347,0.7320414695539755,easy_fixed,850.807,11.002,0.25,0.914,2,0.0,1.15,0.0,"Addressing spillback_prevention, corridor_formation.",0,11.0,1.2644,1.4457,1.2727,0.3669,0.598,0
29,0.707146372383368,52.954,9.804,0.7335449557853911,easy_fixed,903.761,10.962,0.7,0.926,2,0.0,20.345,0.0,"Addressing spillback_prevention, corridor_formation.",0,11.0,0.9361,0.8673,1.3109,0.2876,0.6712,0
30,0.6741320244816724,31.944,9.404,0.7495150597285067,easy_fixed,935.705,10.912,0.25,0.814,2,0.0,21.341,0.0,"Addressing spillback_prevention, corridor_formation; prioritizing corridors NE1->NW1, NW3->NE3; mitigating anticipatory spillback.",0,11.0,0.8141,0.4762,1.3181,0.2349,0.6032,0
31,0.6126897249237662,25.451,9.107,0.753634655526826,easy_fixed,961.156,10.855,0.3,0.757,2,0.0,31.722,0.0,"Addressing spillback_prevention, corridor_formation.",0,11.0,0.7592,0.4943,1.3163,0.1912,0.5891,0
32,0.6207451915296388,25.51,8.801,0.7536734166774403,easy_fixed,986.666,10.793,0.0,0.877,2,0.0,31.209,0.0,"Addressing spillback_prevention, corridor_formation; prioritizing corridors SE1->SW1; mitigating anticipatory spillback.",0,11.0,0.9158,0.6983,1.3154,0.3348,0.5891,0
33,0.7817011196362287,33.715,7.736,0.751865853910795,easy_fixed,1020.381,10.703,0.55,0.955,2,0.0,45.207,0.0,"Addressing spillback_prevention, corridor_formation; prioritizing corridors NE0->SE0, NW0->SW0; mitigating anticipatory spillback.",0,11.0,0.7855,0.5618,1.3242,0.2617,0.5868,0
34,0.7802942131370758,37.22,6.117,0.7567642287007111,easy_fixed,1057.601,10.572,0.7,0.759,2,0.0,52.509,1.858,"Addressing corridor_formation, stability_control; prioritizing corridors SW3->SE3, NE0->SE0; mitigating anticipatory spillback.",0,11.0,0.7204,0.4462,1.3366,0.3187,0.6812,0
35,0.5880484898850419,22.06,7.694,0.7505561881060117,easy_fixed,1079.661,10.492,0.45,0.744,2,0.0,33.816,0.993,"Addressing corridor_formation, stability_control; prioritizing corridors SW2->NW2, SE2->NE2; mitigating anticipatory spillback.",0,11.0,0.9137,0.6386,1.3302,0.3958,0.6714,0
36,0.564460231938599,21.442,9.791,0.742976417905624,easy_fixed,1101.103,10.473,0.45,0.879,2,0.0,18.823,1.573,"Addressing corridor_formation, stability_control.",0,11.0,1.0665,0.8096,1.3227,0.3449,0.6942,0
37,0.6158126085931506,24.715,11.77,0.7551786705882352,easy_fixed,1125.817,10.507,0.3,0.973,2,0.0,1.139,1.568,"Addressing corridor_formation, stability_control.",0,11.0,1.2135,0.959,1.3193,0.3097,0.6925,0
38,0.5763249620102163,28.036,13.33,0.7494494677440208,easy_fixed,1153.853,10.58,0.3,0.803,2,0.0,0.0,1.229,"Addressing corridor_formation, load_balancing.",0,11.0,1.1479,0.9573,1.3201,0.2767,0.7086,0
39,0.6468519790502683,37.679,11.991,0.7631086537168715,easy_fixed,1191.533,10.615,0.0,0.672,2,0.0,0.0,0.0,"Addressing spillback_prevention, corridor_formation.",0,11.0,0.9811,0.4055,1.3297,0.3317,0.676,0
40,0.7869296562755628,40.985,9.32,0.7643762972204265,easy_fixed,1232.518,10.583,0.75,0.843,2,0.0,19.631,1.73,"Addressing corridor_formation, load_balancing.",0,11.0,0.8101,0.4975,1.3383,0.3241,0.6306,0
41,0.7914844611140804,45.347,5.815,0.759559344214609,easy_fixed,1277.865,10.47,0.25,0.874,2,0.0,56.815,1.137,"Addressing corridor_formation, load_balancing; prioritizing corridors NE1->NW1, NW3->NE3; mitigating anticipatory spillback.",0,11.0,0.5669,0.2643,1.3545,0.2051,0.7646,0
42,0.5910940373067568,17.971,5.723,0.7528964837104073,easy_fixed,1295.836,10.359,0.0,0.9,2,0.0,71.551,1.345,"Addressing corridor_formation, load_balancing; prioritizing corridors NW0->SW0, NE0->SE0; mitigating anticipatory spillback.",0,11.0,0.6143,0.2666,1.3416,0.2577,0.643,0
43,0.8252805981304027,36.239,5.281,0.760979453910795,easy_fixed,1332.075,10.244,0.7,0.842,2,0.0,62.392,2.515,"Addressing corridor_formation, anticipatory_spillback_mitigation; prioritizing corridors SW2->NW2, NE0->SE0; mitigating anticipatory spillback.",0,11.0,0.6817,0.1798,1.3471,0.3512,0.7225,0
44,0.6306392265459673,27.36,7.523,0.7340339062055591,easy_fixed,1359.435,10.184,0.7,0.8,2,0.0,26.387,1.447,"Addressing corridor_formation, stability_control; prioritizing corridors SE2->NE2; mitigating anticipatory spillback.",0,11.0,1.0372,0.8272,1.3428,0.3911,0.7346,0
45,0.6145546883461681,24.975,9.769,0.7513529801551391,easy_fixed,1384.41,10.175,0.45,0.855,2,0.0,11.65,2.501,Addressing corridor_formation.,0,11.0,1.1796,1.0177,1.3362,0.3447,0.7715,0
46,0.483264311902746,15.617,13.52,0.7524948714932127,easy_fixed,1400.027,10.246,0.45,0.921,2,0.0,1.178,2.05,Addressing corridor_formation.,0,11.0,1.384,1.6381,1.3203,0.3394,0.8269,0
47,0.6207258348672468,38.747,13.233,0.7415151840336134,easy_fixed,1438.774,10.308,0.25,0.842,2,0.0,0.0,0.486,"Addressing corridor_formation, load_balancing.",0,11.0,1.2448,0.9647,1.3262,0.2539,0.6612,0
48,0.6302075195986051,41.311,12.182,0.7522606747252747,easy_fixed,1480.084,10.346,0.0,0.763,2,0.0,0.0,0.0,"Addressing spillback_prevention, corridor_formation.",0,11.0,1.0658,0.6346,1.3342,0.3829,0.6755,0
49,0.7185411877514262,40.497,9.946,0.7581681172592114,easy_fixed,1520.581,10.338,0.75,0.658,2,0.0,20.222,0.757,"Addressing corridor_formation, load_balancing.",0,11.0,0.8978,0.5896,1.3408,0.3475,0.6098,0
50,0.7566087941598909,49.56,6.155,0.7559006658694247,easy_fixed,1570.142,10.256,0.3,0.786,2,0.0,60.862,0.8,"Addressing corridor_formation, load_balancing; prioritizing corridors NE1->NW1, NW3->NE3; mitigating anticipatory spillback.",0,11.0,0.6345,0.2641,1.3549,0.2484,0.7366,0
51,0.5993078379343366,20.774,6.151,0.7557497223658696,easy_fixed,1590.916,10.177,0.25,0.737,2,0.0,77.897,1.283,"Addressing corridor_formation, load_balancing; prioritizing corridors NW0->SW0, NE0->SE0; mitigating anticipatory spillback.",0,11.0,0.6765,0.2989,1.3441,0.2813,0.7069,0
52,0.3791836565667947,6.601,9.726,0.7504120333548804,easy_fixed,1597.517,10.169,0.25,0.737,2,0.0,63.087,1.208,"Addressing corridor_formation, stability_control; prioritizing corridors SE1->SW1, NE0->SE0; mitigating anticipatory spillback.",0,11.0,1.0884,0.9587,1.3217,0.3475,0.7596,0
53,0.5536452147513764,25.057,12.814,0.7367410928894634,easy_fixed,1622.574,10.218,1.0,0.772,2,0.0,24.635,0.297,"Addressing corridor_formation, stability_control; prioritizing corridors NE0->SE0, NW0->SW0.",0,11.0,1.5165,1.4414,1.3156,0.3684,0.5379,0
54,0.5536529066488184,31.208,15.019,0.7136422639948288,easy_fixed,1653.781,10.305,0.75,0.967,2,0.0,17.013,0.596,"Addressing corridor_formation, stability_control.",0,11.0,1.6274,2.4185,1.3147,0.2985,0.5487,0
55,0.3687669312777125,21.665,18.349,0.7237180348416288,easy_fixed,1675.446,10.449,0.75,0.737,3,0.0,16.781,0.0,"Addressing corridor_formation, load_balancing; prioritizing corridors SW2->NW2; mitigating anticipatory spillback.",0,11.0,1.7192,2.8858,1.306,0.274,0.5408,0
56,0.40463054630210615,25.023,21.403,0.737862551260504,easy_fixed,1700.469,10.641,1.0,0.658,5,0.0,14.594,0.0,"Addressing spillback_prevention, corridor_formation; prioritizing corridors SW2->NW2; mitigating anticipatory spillback.",0,11.0,1.7355,2.9739,1.3008,0.2546,0.6157,0
57,0.5244834957417404,53.761,18.645,0.7465270170006464,easy_fixed,1754.23,10.779,0.3,0.723,7,0.0,5.181,0.0,"Addressing spillback_prevention, corridor_formation.",0,11.0,1.5274,1.9109,1.317,0.2238,0.6142,0
58,0.6315187306127238,57.353,14.962,0.7545245140271494,easy_fixed,1811.583,10.85,0.55,0.704,8,0.0,0.0,0.0,"Addressing spillback_prevention, corridor_formation.",0,11.0,1.2281,0.894,1.3359,0.3214,0.5505,0
59,0.780482173372269,56.324,10.052,0.7538230533936652,easy_fixed,1867.908,10.836,0.7,0.926,8,0.0,23.971,0.0,"Addressing spillback_prevention, corridor_formation.",0,11.0,0.8808,0.5855,1.3538,0.2786,0.4744,0
60,0.7804789505835554,49.192,6.011,0.7497655045248869,easy_fixed,1917.1,10.757,0.55,0.789,8,0.0,58.527,0.0,"Addressing spillback_prevention, corridor_formation; prioritizing corridors NE1->NW1, NW3->NE3; mitigating anticipatory spillback.",0,11.0,0.6055,0.1995,1.3664,0.3314,0.5648,0
61,0.7240913922290255,24.513,5.41,0.7573026405300582,easy_fixed,1941.613,10.671,0.25,0.947,8,0.0,78.628,0.0,"Addressing spillback_prevention, corridor_formation; prioritizing corridors SE2->NE2, NW0->SW0; mitigating anticipatory spillback.",0,11.0,0.5982,0.2084,1.3608,0.3205,0.5132,0
62,0.7833739663053082,32.503,5.917,0.7457421387201034,easy_fixed,1974.116,10.596,1.0,0.788,8,0.0,55.668,0.596,"Addressing spillback_prevention, corridor_formation; prioritizing corridors SW3->SE3, SE1->SW1; mitigating anticipatory spillback.",0,11.0,0.7552,0.2417,1.3613,0.2687,0.5949,0
63,0.6026104578758718,21.153,9.156,0.7382598060116357,easy_fixed,1995.269,10.573,1.0,0.841,8,0.0,22.031,2.281,Addressing corridor_formation.,0,11.0,1.1397,1.1517,1.3547,0.3297,0.7611,0
64,0.3893223440603374,15.704,12.814,0.7241676222365868,easy_fixed,2010.973,10.608,0.45,0.763,8,0.0,2.892,1.775,Addressing corridor_formation.,0,11.0,1.4241,1.1388,1.3449,0.3762,0.6773,0
65,0.5148873256726612,28.304,15.109,0.7341439484809309,easy_fixed,2039.277,10.676,0.45,0.727,8,0.0,1.882,0.0,"Addressing corridor_formation, load_balancing.",0,11.0,1.372,1.3046,1.3437,0.3526,0.6518,0
66,0.46996477317619884,28.808,15.854,0.7346839391725921,easy_fixed,2068.084,10.753,0.0,0.661,8,0.0,9.36,0.0,"Addressing spillback_prevention, corridor_formation.",0,11.0,1.3016,1.2063,1.3439,0.3258,0.6147,0
67,0.6165765890630502,41.139,13.723,0.7314712757595347,easy_fixed,2109.224,10.797,0.55,0.777,8,0.0,19.517,0.0,"Addressing spillback_prevention, corridor_formation; prioritizing corridors NW3->NE3.",0,11.0,1.101,1.3104,1.3519,0.2307,0.5184,0
68,0.7157092193421452,40.023,10.647,0.7482448650937299,easy_fixed,2149.247,10.795,0.55,0.813,8,0.0,39.032,0.0,"Addressing spillback_prevention, corridor_formation; prioritizing corridors SW2->NW2.",0,11.0,0.9004,0.7434,1.3591,0.3086,0.5193,0
69,0.7484315310291118,55.258,5.972,0.7501306469941823,easy_fixed,2204.504,10.726,0.0,0.832,8,0.0,53.243,0.339,"Addressing spillback_prevention, corridor_formation; prioritizing corridors NE1->NW1, SE2->NE2; mitigating anticipatory spillback.",0,11.0,0.6228,0.3501,1.376,0.2531,0.559,0
70,0.5729232310734987,21.524,7.107,0.7395818919844862,easy_fixed,2226.028,10.675,0.0,0.84,8,0.0,43.5,0.0,"Addressing spillback_prevention, corridor_formation; prioritizing corridors NE0->SE0, NW0->SW0; mitigating anticipatory spillback.",0,11.0,0.7318,0.4182,1.3717,0.2443,0.5783,0
71,0.6559135374909437,26.84,7.531,0.7383656740788623,easy_fixed,2252.868,10.631,0.75,0.763,8,0.0,33.868,2.392,"Addressing corridor_formation, load_balancing.",0,11.0,0.872,0.583,1.3709,0.3039,0.6395,0
72,0.6902749044157531,34.581,7.987,0.7408682480284423,easy_fixed,2287.449,10.595,0.25,0.763,8,0.0,19.33,1.385,"Addressing corridor_formation, anticipatory_spillback_mitigation; prioritizing corridors SE1->SW1; mitigating anticipatory spillback.",0,11.0,0.9597,0.6423,1.3751,0.2715,0.695,0
73,0.5679567854755836,24.899,9.314,0.7329973284421462,easy_fixed,2312.348,10.578,0.3,0.789,8,0.0,18.914,0.0,"Addressing corridor_formation, load_balancing; prioritizing corridors SW3->SE3.",0,11.0,0.9304,0.4997,1.3729,0.2681,0.6046,0
74,0.647486232695217,30.637,8.578,0.7257114951519069,easy_fixed,2342.985,10.551,0.25,0.92,8,0.0,26.185,1.493,"Addressing corridor_formation, load_balancing.",0,11.0,0.9244,0.9401,1.3746,0.3006,0.6176,0
75,0.7067706454583328,34.825,8.059,0.7365076460245636,easy_fixed,2377.811,10.518,0.0,0.941,8,0.0,25.535,1.24,"Addressing corridor_formation, load_balancing; prioritizing corridors SW2->NW2, NW3->NE3; mitigating anticipatory spillback.",0,11.0,0.8564,0.7689,1.3786,0.2309,0.62,0
76,0.7470008271904562,33.318,7.689,0.7384651961215256,easy_fixed,2411.129,10.481,1.0,0.763,8,0.0,32.561,0.245,"Addressing spillback_prevention, corridor_formation; prioritizing corridors SE2->NE2.",0,11.0,0.7271,0.7797,1.3817,0.1712,0.5758,0
77,0.6820462630142728,29.55,6.825,0.7397438692954105,easy_fixed,2440.679,10.434,0.3,0.84,8,0.0,25.893,0.0,"Addressing spillback_prevention, corridor_formation; prioritizing corridors NE1->NW1.",0,11.0,0.8153,0.6077,1.3823,0.302,0.5406,0
78,0.7657894216220723,39.149,6.139,0.7534592539107952,easy_fixed,2479.828,10.38,0.0,0.883,8,0.0,18.472,0.0,"Addressing spillback_prevention, corridor_formation; prioritizing corridors NE0->SE0; mitigating anticipatory spillback.",0,11.0,0.6987,0.3588,1.3881,0.2145,0.5178,0
79,0.5700648251870566,19.011,6.829,0.7549632968972205,easy_fixed,2498.838,10.336,0.0,0.763,8,0.0,21.555,1.809,"Addressing corridor_formation, load_balancing.",0,11.0,0.8019,0.4013,1.3827,0.3957,0.6484,0
80,0.7216134369742672,35.211,6.851,0.7370194137039431,easy_fixed,2534.049,10.293,0.3,0.831,8,0.0,19.028,2.049,"Addressing corridor_formation, load_balancing; prioritizing corridors NW0->SW0.",0,11.0,0.7639,0.6476,1.386,0.2787,0.7091,0
81,0.6473434648371238,25.543,6.866,0.7536202308338721,easy_fixed,2559.592,10.251,0.0,0.799,8,0.0,26.19,1.012,"Addressing corridor_formation, load_balancing; prioritizing corridors SE1->SW1; mitigating anticipatory spillback.",0,11.0,0.7192,0.2854,1.3838,0.3612,0.619,0
82,0.479649897853802,13.983,9.137,0.7394988197155785,easy_fixed,2573.576,10.238,0.0,0.905,8,0.0,16.138,1.213,"Addressing corridor_formation, load_balancing; prioritizing corridors SW3->SE3.",0,11.0,0.9165,0.4871,1.3754,0.3818,0.7051,0
83,0.497211957096691,23.926,9.617,0.7122482014221073,easy_fixed,2597.502,10.23,0.0,0.88,8,0.0,26.615,0.673,"Addressing corridor_formation, load_balancing; prioritizing corridors SW3->SE3.",0,11.0,0.9802,0.7885,1.3721,0.3262,0.4953,0
84,0.6370639787950355,26.787,10.388,0.7381994342598579,easy_fixed,2624.289,10.232,0.45,0.934,8,0.0,29.609,0.899,"Addressing corridor_formation, load_balancing; prioritizing corridors SE2->NE2, NW3->NE3; mitigating anticipatory spillback.",0,11.0,1.0109,0.8212,1.3699,0.2908,0.5291,0
85,0.6726418628480162,41.903,8.572,0.7382871533290241,easy_fixed,2666.192,10.213,0.0,0.799,8,0.0,41.037,0.0,"Addressing spillback_prevention, corridor_formation; prioritizing corridors NE1->NW1.",0,11.0,0.8232,0.7807,1.3751,0.2372,0.5453,0
86,0.6565458129688194,31.953,8.156,0.7313050554621848,easy_fixed,2698.145,10.189,0.0,0.886,8,0.0,33.728,0.0,"Addressing spillback_prevention, corridor_formation; prioritizing corridors SW2->NW2.",0,11.0,0.9188,0.6871,1.3756,0.319,0.5133,0
87,0.6971173677582552,35.877,7.642,0.7406045191984486,easy_fixed,2734.023,10.16,0.0,0.83,8,0.0,33.641,0.362,"Addressing spillback_prevention, corridor_formation; prioritizing corridors NE0->SE0; mitigating anticipatory spillback.",0,11.0,0.8914,0.6392,1.3777,0.3585,0.5312,0
88,0.7518393862674911,33.595,8.324,0.7462908841628959,easy_fixed,2767.618,10.139,0.7,0.82,8,0.0,21.196,1.655,"Addressing corridor_formation, load_balancing; prioritizing corridors NW0->SW0.",0,11.0,0.914,0.7527,1.3784,0.2868,0.5997,0
89,0.7365019469037233,50.541,6.043,0.7453464256625728,easy_fixed,2818.159,10.094,0.25,0.763,8,0.0,20.735,0.223,"Addressing spillback_prevention, corridor_formation.",0,11.0,0.742,0.3259,1.3875,0.4104,0.6661,0
90,0.5329730383021526,18.45,7.849,0.7328910998707177,easy_fixed,2836.609,10.069,0.55,0.763,8,0.0,18.322,1.111,"Addressing corridor_formation, load_balancing; prioritizing corridors SE1->SW1.",0,11.0,0.9439,0.6302,1.3781,0.3941,0.6309,0
91,0.3566841571650378,5.37,11.324,0.7324039240465416,easy_fixed,2841.979,10.083,0.55,0.813,8,0.0,20.377,0.0,"Addressing corridor_formation, load_balancing; prioritizing corridors NW3->NE3, SE1->SW1.",0,11.0,1.1423,0.7954,1.3647,0.437,0.6747,0
92,0.4897928811500251,26.045,12.434,0.7339462813186814,easy_fixed,2868.025,10.108,0.0,0.692,8,0.0,29.767,0.0,"Addressing corridor_formation, load_balancing; prioritizing corridors SE1->SW1, NW3->NE3.",0,11.0,1.2356,1.0323,1.3615,0.3572,0.5137,0
93,0.672183615911588,39.029,11.931,0.738895551195863,easy_fixed,2907.054,10.128,0.7,0.773,8,0.0,32.341,0.0,"Addressing spillback_prevention, corridor_formation; prioritizing corridors SE2->NE2, SW3->SE3; mitigating anticipatory spillback.",0,11.0,1.1626,0.7431,1.3641,0.2918,0.5915,0
94,0.6843319474717718,40.544,11.733,0.738375860051713,easy_fixed,2947.597,10.144,0.7,0.801,8,0.0,30.286,0.0,"Addressing corridor_formation, load_balancing; prioritizing corridors NE1->NW1; mitigating anticipatory spillback.",0,11.0,1.0113,1.0202,1.3676,0.2357,0.5007,0
95,0.6533154590163756,47.349,10.742,0.7254942505494506,easy_fixed,2994.947,10.151,0.25,0.908,8,0.0,21.531,0.461,"Addressing corridor_formation, load_balancing.",0,11.0,0.9813,0.9141,1.3739,0.1801,0.5557,0
96,0.6699974782810046,44.517,7.472,0.7351339420168067,easy_fixed,3039.464,10.123,0.0,0.773,8,0.0,33.078,0.0,"Addressing corridor_formation, load_balancing; prioritizing corridors NW0->SW0.",0,11.0,0.8762,0.4948,1.3789,0.3151,0.579,0
97,0.6349656571770386,28.607,7.517,0.7374367800904978,easy_fixed,3068.071,10.097,0.3,0.737,8,0.0,44.531,1.994,"Addressing corridor_formation, load_balancing; prioritizing corridors SW2->NW2, NE0->SE0; mitigating anticipatory spillback.",0,11.0,0.8362,0.5711,1.3764,0.2463,0.6746,0
98,0.48746319853337616,16.457,9.496,0.7365766433742729,easy_fixed,3084.528,10.09,0.3,0.793,8,0.0,34.353,0.025,"Addressing spillback_prevention, corridor_formation; prioritizing corridors NE0->SE0, SW2->NW2; mitigating anticipatory spillback.",0,11.0,1.0415,0.5685,1.3688,0.481,0.641,0
99,0.6666999321131003,34.512,10.481,0.7379810089204912,easy_fixed,3119.04,10.094,0.3,0.816,8,0.0,21.313,0.0,"Addressing spillback_prevention, corridor_formation; prioritizing corridors SW2->NW2.",0,11.0,1.1705,0.9058,1.369,0.4378,0.5515,0
100,0.6620518568059375,34.599,11.652,0.7230415638009049,easy_fixed,3153.639,10.11,0.7,0.894,8,0.0,17.957,0.0,"Addressing spillback_prevention, corridor_formation; prioritizing corridors SE1->SW1; mitigating anticipatory spillback.",0,11.0,1.1843,1.0438,1.3695,0.3848,0.5037,0
101,0.6814125739966027,40.591,11.234,0.7327341588881707,easy_fixed,3194.23,10.121,0.3,0.952,8,0.0,27.915,0.0,"Addressing spillback_prevention, corridor_formation; prioritizing corridors NE1->NW1.",0,11.0,1.0165,1.1199,1.373,0.3014,0.4988,0
102,0.7366361171266361,53.928,7.09,0.7430721614091792,easy_fixed,3248.158,10.091,0.3,0.828,8,0.0,41.692,0.0,"Addressing spillback_prevention, corridor_formation; prioritizing corridors NW0->SW0.",0,11.0,0.7922,0.3875,1.3818,0.2176,0.6167,0
103,0.6387557119169162,22.147,7.492,0.7419855808661926,easy_fixed,3270.305,10.066,1.0,0.763,8,0.0,45.656,2.05,"Addressing corridor_formation, load_balancing; prioritizing corridors SE2->NE2, SW3->SE3; mitigating anticipatory spillback.",0,11.0,0.8943,0.5156,1.3774,0.3263,0.5938,0
104,0.5268469804518975,18.068,10.225,0.7302951853910795,easy_fixed,3288.373,10.068,1.0,0.776,8,0.0,35.53,1.015,"Addressing corridor_formation, load_balancing; prioritizing corridors NW3->NE3.",0,11.0,1.0669,0.7941,1.3716,0.3413,0.6456,0
105,0.5656119365230922,39.631,11.354,0.7161935094376213,easy_fixed,3328.003,10.08,0.0,0.793,8,0.0,13.015,0.662,"Addressing corridor_formation, load_balancing.",0,11.0,1.1332,1.0274,1.3747,0.299,0.5232,0
106,0.6071348164077336,32.811,12.18,0.7150484374272787,easy_fixed,3360.814,10.1,0.25,0.984,8,0.0,0.954,0.855,"Addressing corridor_formation, load_balancing.",0,11.0,1.1553,0.6965,1.3753,0.2599,0.5204,0
107,0.6123570349459533,44.375,10.515,0.7124000579831934,easy_fixed,3405.188,10.103,0.0,0.951,8,0.0,27.663,0.746,"Addressing corridor_formation, load_balancing.",0,11.0,0.9334,0.9227,1.3807,0.1856,0.5256,0
108,0.6744704108375714,42.31,7.65,0.7192508549450549,easy_fixed,3447.498,10.081,0.25,0.877,8,0.0,38.254,1.292,"Addressing corridor_formation, load_balancing; prioritizing corridors SW2->NW2, NW0->SW0; mitigating anticipatory spillback.",0,11.0,0.7227,0.5176,1.3852,0.328,0.7057,0
109,0.6004601454231507,23.825,7.003,0.7280755466709761,easy_fixed,3471.323,10.053,0.25,0.88,8,0.0,55.506,1.247,"Addressing corridor_formation, load_balancing; prioritizing corridors NE0->SE0.",0,11.0,0.7049,0.5259,1.3825,0.2245,0.6194,0
110,0.6623142193829002,27.323,8.469,0.7371357636069814,easy_fixed,3498.646,10.039,0.7,0.842,8,0.0,28.909,0.146,"Addressing corridor_formation, load_balancing; prioritizing corridors SE2->NE2, NE0->SE0; mitigating anticipatory spillback.",0,11.0,0.9333,0.6261,1.3818,0.2579,0.5131,0
111,0.725292866083646,47.028,6.804,0.7473207119586298,easy_fixed,3545.675,10.01,0.25,0.743,8,0.0,29.399,0.545,"Addressing corridor_formation, load_balancing.",0,11.0,0.7743,0.4637,1.3885,0.2906,0.7079,0
112,0.6020083538338395,21.18,8.891,0.7495925425339367,easy_fixed,3566.855,10.0,0.3,0.878,8,0.0,13.201,0.092,"Addressing corridor_formation, load_balancing; prioritizing corridors NE1->NW1.",0,11.0,0.9614,0.6522,1.3852,0.3094,0.5946,0
113,0.6238869963775808,27.81,9.277,0.732808192760181,easy_fixed,3594.665,9.994,0.45,0.832,8,0.0,22.877,0.363,"Addressing corridor_formation, load_balancing.",0,11.0,0.9005,0.6733,1.3847,0.3307,0.5768,0
114,0.3516297122109245,6.541,12.921,0.7322140784744667,easy_fixed,3601.206,10.019,0.45,0.864,8,0.0,13.848,0.0,"Addressing corridor_formation, load_balancing; prioritizing corridors NW3->NE3; mitigating anticipatory spillback.",0,11.0,1.1734,0.9632,1.376,0.3402,0.6579,0
115,0.6814129413752935,41.189,11.393,0.7434107543632836,easy_fixed,3642.395,10.031,0.0,0.938,8,0.0,23.16,0.0,"Addressing corridor_formation, load_balancing; prioritizing corridors NE1->NW1, NW3->NE3.",0,11.0,0.9696,0.5078,1.3807,0.3432,0.5346,0
116,0.5983867130896403,27.533,11.924,0.7326062307045896,easy_fixed,3669.928,10.047,0.55,0.854,8,0.0,21.854,0.0,"Addressing corridor_formation, load_balancing; prioritizing corridors SW3->SE3; mitigating anticipatory spillback.",0,11.0,1.001,1.0135,1.3808,0.2933,0.5132,0
117,0.7269854412298214,41.002,8.848,0.7411031966386554,easy_fixed,3710.93,10.037,0.0,0.996,8,0.0,42.257,0.0,"Addressing corridor_formation, load_balancing; prioritizing corridors SE1->SW1.",0,11.0,0.802,0.4414,1.3856,0.2635,0.5141,0
118,0.5444882887273987,26.103,8.888,0.7253865413057531,easy_fixed,3737.033,10.027,0.0,0.781,8,0.0,36.259,0.163,"Addressing corridor_formation, load_balancing; prioritizing corridors NW0->SW0, SW2->NW2; mitigating anticipatory spillback.",0,11.0,0.8527,0.792,1.3848,0.215,0.5532,0
119,0.5031134839994226,18.178,10.634,0.7472397732385263,easy_fixed,3755.211,10.032,0.0,0.812,8,0.0,28.071,1.103,"Addressing corridor_formation, load_balancing; prioritizing corridors NW0->SW0.",0,11.0,0.9746,0.695,1.3812,0.2134,0.6374,0
120,0.5060650622380971,20.406,13.789,0.7447936245636716,easy_fixed,3775.617,10.063,0.0,0.939,8,0.0,6.73,0.999,"Addressing corridor_formation, load_balancing; prioritizing corridors NW0->SW0.",0,11.0,1.2127,1.1542,1.3784,0.2338,0.7463,0
121,0.6942541108338455,45.192,11.056,0.7420233973497091,easy_fixed,3820.809,10.072,0.55,0.809,8,0.0,22.03,0.075,"Addressing corridor_formation, load_balancing.",0,11.0,0.9929,0.5461,1.3847,0.3385,0.5703,0
122,0.776139482954621,36.416,9.332,0.7554659210084035,easy_fixed,3857.225,10.065,0.3,0.963,8,0.0,31.589,0.413,"Addressing corridor_formation, load_balancing; prioritizing corridors SE2->NE2, NE0->SE0; mitigating anticipatory spillback.",0,11.0,0.8425,0.3444,1.3873,0.3963,0.5873,0
123,0.7973840408917061,40.045,6.594,0.747336416031028,easy_fixed,3897.27,10.037,0.45,0.93,8,0.0,48.065,0.147,"Addressing corridor_formation, load_balancing; prioritizing corridors NE0->SE0, SE2->NE2; mitigating anticipatory spillback.",0,11.0,0.6501,0.3072,1.3913,0.3133,0.5533,0
124,0.5820435863778224,22.775,7.921,0.7319636808015514,easy_fixed,3920.045,10.021,0.45,0.804,8,0.0,29.503,1.133,"Addressing corridor_formation, load_balancing; prioritizing corridors NE1->NW1, NW3->NE3; mitigating anticipatory spillback.",0,11.0,0.8381,0.7173,1.3891,0.2463,0.6035,0
125,0.4429223474535035,14.473,11.063,0.7268357271493213,easy_fixed,3934.518,10.029,0.45,0.836,8,0.0,19.802,0.642,"Addressing corridor_formation, load_balancing.",0,11.0,1.0286,1.0376,1.3837,0.2449,0.7027,0
126,0.6309053477122525,35.765,11.09,0.7313024272139625,easy_fixed,3970.283,10.037,0.0,0.86,8,0.0,11.38,0.0,"Addressing corridor_formation, load_balancing; prioritizing corridors NE1->NW1.",0,11.0,1.0669,0.7011,1.3856,0.3715,0.5723,0
127,0.7091827946226207,38.752,9.435,0.7383612016806723,easy_fixed,4009.035,10.032,0.3,0.896,8,0.0,28.987,0.0,"Addressing corridor_formation, load_balancing; prioritizing corridors SW3->SE3; mitigating anticipatory spillback.",0,11.0,0.8971,0.6659,1.3886,0.3322,0.5153,0
128,0.722955721184302,39.181,7.571,0.7406672953458306,easy_fixed,4048.216,10.013,0.0,0.906,8,0.0,39.111,0.586,"Addressing corridor_formation, load_balancing; prioritizing corridors SW2->NW2, SE1->SW1; mitigating anticipatory spillback.",0,11.0,0.7285,0.2884,1.3915,0.3356,0.5876,0
129,0.5745749023071623,22.96,8.322,0.7424731674854557,easy_fixed,4071.176,10.0,0.0,0.809,8,0.0,31.286,1.095,"Addressing corridor_formation, load_balancing; prioritizing corridors NW0->SW0.",0,11.0,0.8216,0.3542,1.3886,0.3348,0.6367,0
130,0.4145874281436109,13.131,11.409,0.7396591121525534,easy_fixed,4084.307,10.011,0.0,0.805,8,0.0,13.802,2.041,"Addressing corridor_formation, load_balancing.",0,11.0,1.1219,0.9972,1.3824,0.3439,0.7914,0
131,0.6036103646469595,28.492,12.827,0.751904630252101,easy_fixed,4112.799,10.032,0.25,0.775,8,0.0,2.572,0.0,"Addressing corridor_formation, load_balancing; prioritizing corridors NW0->SW0.",0,11.0,1.1857,0.5118,1.3812,0.3259,0.5837,0
132,0.6046049069906053,31.357,13.163,0.7453400656108599,easy_fixed,4144.156,10.056,0.25,0.737,8,0.0,11.873,0.725,"Addressing corridor_formation, load_balancing.",0,11.0,1.1215,0.6452,1.3806,0.3302,0.5711,0
133,0.5937766206543335,33.21,11.784,0.730257083645766,easy_fixed,4177.366,10.069,0.0,0.776,8,0.0,36.781,0.223,"Addressing corridor_formation, load_balancing; prioritizing corridors NE0->SE0; mitigating anticipatory spillback.",0,11.0,1.0309,0.7623,1.3809,0.4526,0.4624,0
134,0.6811164687179592,45.864,8.955,0.7284572471881061,easy_fixed,4223.23,10.061,0.0,0.938,8,0.0,44.738,0.666,"Addressing corridor_formation, load_balancing; prioritizing corridors SE2->NE2, NW3->NE3; mitigating anticipatory spillback.",0,11.0,0.795,0.8079,1.3852,0.2572,0.6118,0
135,0.7772236270141413,36.836,7.148,0.7387416038784745,easy_fixed,4260.066,10.039,0.75,0.88,8,0.0,52.53,1.249,"Addressing corridor_formation, load_balancing; prioritizing corridors SW3->SE3.",0,11.0,0.767,0.4335,1.3866,0.2116,0.6008,0
136,0.4946142676934914,14.34,10.079,0.7310564531351004,easy_fixed,4274.406,10.04,0.75,0.863,8,0.0,28.816,0.0,"Addressing corridor_formation, load_balancing; prioritizing corridors NE1->NW1, SE1->SW1.",0,11.0,1.1528,1.0831,1.3802,0.2473,0.5987,0
137,0.6100229572048532,41.801,9.078,0.7080574675500969,easy_fixed,4316.208,10.033,0.0,0.918,8,0.0,43.47,0.0,"Addressing corridor_formation, load_balancing; prioritizing corridors SE1->SW1, NE1->NW1.",0,11.0,1.0552,1.0377,1.3827,0.3001,0.4329,0
138,0.5854607335646169,31.751,10.461,0.7366018688429219,easy_fixed,4347.959,10.036,0.0,0.689,8,0.0,27.387,0.0,"Addressing spillback_prevention, corridor_formation; prioritizing corridors SW2->NW2, NW0->SW0; mitigating anticipatory spillback.",0,11.0,1.1755,1.3304,1.382,0.2514,0.5255,0
139,0.6380428444168176,44.11,10.24,0.7238871009049774,easy_fixed,4392.069,10.037,0.45,0.765,8,0.0,24.962,0.0,"Addressing spillback_prevention, corridor_formation; prioritizing corridors SW2->NW2.",0,11.0,0.996,0.7467,1.3851,0.2746,0.5868,0
140,0.5190173061856953,22.651,13.103,0.7331594582417583,easy_fixed,4414.72,10.059,0.45,0.848,8,0.0,2.352,0.0,"Addressing spillback_prevention, corridor_formation.",0,11.0,1.2979,1.2498,1.3799,0.2741,0.6691,0
141,0.6772635024495337,39.54,12.515,0.7402452558500324,easy_fixed,4454.259,10.076,0.25,0.94,8,0.0,8.44,0.0,"Addressing spillback_prevention, corridor_formation.",0,11.0,1.164,0.9079,1.3816,0.266,0.5811,0
142,0.7070313544273933,45.488,10.426,0.7423705839689724,easy_fixed,4499.748,10.079,0.55,0.809,8,0.0,19.201,0.0,"Addressing spillback_prevention, corridor_formation; prioritizing corridors NW3->NE3.",0,11.0,0.9345,0.6155,1.3854,0.2258,0.5797,0
143,0.7110650278529466,37.247,8.214,0.7452119791208792,easy_fixed,4536.995,10.066,0.3,0.747,8,0.0,43.082,0.0,"Addressing spillback_prevention, corridor_formation; prioritizing corridors SE2->NE2.",0,11.0,0.7983,0.3885,1.3865,0.367,0.5749,0
144,0.7421419706254,33.944,7.238,0.7342435972204266,easy_fixed,4570.939,10.046,0.25,0.958,8,0.0,54.441,0.0,"Addressing spillback_prevention, corridor_formation; prioritizing corridors NE0->SE0, SW3->SE3; mitigating anticipatory spillback.",0,11.0,0.7935,0.528,1.3862,0.2612,0.5821,0
145,0.5037932456659291,18.46,9.528,0.7351653918552038,easy_fixed,4589.399,10.043,0.25,0.788,8,0.0,46.45,0.163,"Addressing corridor_formation, load_balancing; prioritizing corridors NW0->SW0, NE0->SE0; mitigating anticipatory spillback.",0,11.0,0.9741,0.6504,1.3815,0.2772,0.6329,0
146,0.516644662464403,22.951,12.742,0.7178991436974791,easy_fixed,4612.349,10.061,1.0,0.796,8,0.0,23.562,1.306,"Addressing corridor_formation, load_balancing; prioritizing corridors NW0->SW0.",0,11.0,1.2481,1.2997,1.3781,0.3054,0.6837,0
147,0.6254225106220526,41.711,11.944,0.7306380739495798,easy_fixed,4654.06,10.074,0.7,0.669,8,0.0,25.75,0.828,"Addressing corridor_formation, load_balancing.",0,11.0,1.2662,1.372,1.3808,0.299,0.6219,0
148,0.6629412686462566,33.796,13.126,0.7400870804783453,easy_fixed,4687.856,10.094,0.7,0.788,8,0.0,25.329,0.0,"Addressing corridor_formation, load_balancing; prioritizing corridors NE1->NW1, SW2->NW2; mitigating anticipatory spillback.",0,11.0,1.1864,1.0652,1.3812,0.2702,0.5134,0
149,0.7006627296124088,50.966,9.218,0.7441730062055592,easy_fixed,4738.823,10.088,0.3,0.782,8,0.0,45.986,0.0,"Addressing spillback_prevention, corridor_formation; prioritizing corridors NE1->NW1.",0,11.0,0.8959,0.4866,1.387,0.3086,0.5223,0
150,0.6742823485519704,47.297,7.388,0.7289879946994182,easy_fixed,4786.12,10.07,0.25,0.763,8,0.0,24.001,0.491,"Addressing corridor_formation, load_balancing; prioritizing corridors SE1->SW1, NW3->NE3; mitigating anticipatory spillback.",0,11.0,0.8633,0.5579,1.3917,0.32,0.5274,0
151,0.7230434018302148,41.272,6.116,0.738865567550097,easy_fixed,4827.392,10.044,0.0,0.843,8,0.0,41.313,1.654,"Addressing corridor_formation, load_balancing.",0,11.0,0.6882,0.2992,1.3946,0.2843,0.6306,0
152,0.6992162315172952,27.904,7.985,0.7399847729799612,easy_fixed,4855.295,10.031,0.45,0.965,8,0.0,20.741,1.388,"Addressing corridor_formation, load_balancing; prioritizing corridors NE0->SE0, SE2->NE2; mitigating anticipatory spillback.",0,11.0,0.8537,0.3407,1.3939,0.2842,0.6421,0
153,0.7299026760044623,32.686,7.749,0.7409027968325792,easy_fixed,4887.982,10.016,0.3,0.897,8,0.0,31.448,1.579,"Addressing corridor_formation, load_balancing.",0,11.0,0.7348,0.342,1.3947,0.328,0.6359,0
154,0.6991477496402568,32.819,7.954,0.7332253361990951,easy_fixed,4920.801,10.003,0.3,0.876,8,0.0,19.286,1.352,"Addressing corridor_formation, load_balancing; prioritizing corridors NW0->SW0; mitigating anticipatory spillback.",0,11.0,0.8269,0.4951,1.3954,0.2842,0.619,0
155,0.5265701543086523,18.123,8.79,0.7238358082740789,easy_fixed,4938.924,9.995,0.55,0.878,8,0.0,27.566,0.521,"Addressing corridor_formation, load_balancing; prioritizing corridors SW3->SE3; mitigating anticipatory spillback.",0,11.0,0.8714,0.6609,1.3921,0.3549,0.5718,0
156,0.7467606048706764,41.288,7.318,0.7349091863606981,easy_fixed,4980.212,9.978,0.3,0.959,8,0.0,31.041,1.106,"Addressing corridor_formation, load_balancing; prioritizing corridors SW2->NW2.",0,11.0,0.7684,0.3819,1.3955,0.2891,0.6792,0
157,0.5890427381826676,22.481,8.744,0.7341428408532644,easy_fixed,5002.693,9.97,0.3,0.904,8,0.0,25.441,1.227,"Addressing corridor_formation, load_balancing; prioritizing corridors SE1->SW1, NW3->NE3; mitigating anticipatory spillback.",0,11.0,0.8298,0.6315,1.3937,0.2806,0.7106,0
158,0.6638205319995426,28.628,8.373,0.7353502791855203,easy_fixed,5031.321,9.96,0.75,0.772,8,0.0,27.459,0.907,"Addressing corridor_formation, load_balancing.",0,11.0,0.8451,0.5247,1.3937,0.2407,0.6453,0
159,0.4982210133511885,18.783,9.622,0.7345280552682614,easy_fixed,5050.104,9.958,0.3,0.763,8,0.0,23.646,0.0,"Addressing corridor_formation, load_balancing; prioritizing corridors NE1->NW1; mitigating anticipatory spillback.",0,11.0,1.0139,0.6718,1.391,0.3625,0.5829,0
160,0.6716591699604597,29.143,9.785,0.7424631405946995,easy_fixed,5079.247,9.957,0.55,0.85,8,0.0,26.079,0.204,"Addressing corridor_formation, load_balancing; prioritizing corridors NE0->SE0; mitigating anticipatory spillback.",0,11.0,0.9431,0.7177,1.3911,0.2993,0.5239,0
161,0.634135195400422,29.845,11.439,0.7300782632191338,easy_fixed,5109.092,9.966,1.0,0.75,8,0.0,14.703,0.0,"Addressing corridor_formation, load_balancing; prioritizing corridors NE0->SE0; mitigating anticipatory spillback.",0,11.0,0.9648,0.7141,1.3915,0.2885,0.534,0
162,0.654323732020952,33.822,10.508,0.7439224731738849,easy_fixed,5142.915,9.969,0.3,0.66,8,0.0,14.763,0.0,"Addressing spillback_prevention, corridor_formation.",0,11.0,0.9314,0.834,1.393,0.2223,0.5277,0
163,0.6590550396661633,32.036,9.345,0.743512539366516,easy_fixed,5174.951,9.966,0.3,0.714,8,0.0,23.052,0.0,"Addressing corridor_formation, load_balancing; prioritizing corridors SE2->NE2; mitigating anticipatory spillback.",0,11.0,0.8518,0.3503,1.394,0.3754,0.4803,0
164,0.6637722701076598,27.645,8.885,0.7464471403361346,easy_fixed,5202.595,9.959,0.3,0.853,8,0.0,34.048,1.353,"Addressing corridor_formation, load_balancing; prioritizing corridors NW0->SW0; mitigating anticipatory spillback.",0,11.0,0.782,0.3773,1.3936,0.2981,0.6123,0
165,0.7438119734418916,39.696,6.773,0.7339569241758241,easy_fixed,5242.291,9.94,0.3,0.923,8,0.0,46.251,1.486,"Addressing corridor_formation, load_balancing; prioritizing corridors SW3->SE3, NW0->SW0; mitigating anticipatory spillback.",0,11.0,0.6922,0.3257,1.3964,0.3453,0.7509,0
166,0.5328250384869767,15.333,8.724,0.7400635970265029,easy_fixed,5257.624,9.933,0.3,0.925,8,0.0,37.135,1.2,"Addressing corridor_formation, load_balancing; prioritizing corridors SW2->NW2, SE1->SW1; mitigating anticipatory spillback.",0,11.0,0.8853,0.9139,1.3927,0.284,0.7051,0
167,0.6582203371535781,25.3,9.038,0.7446618564964448,easy_fixed,5282.924,9.927,0.75,0.837,8,0.0,37.235,0.0,"Addressing corridor_formation, load_balancing; prioritizing corridors SW2->NW2.",0,11.0,0.9558,0.7038,1.3917,0.3294,0.5452,0
168,0.6827511644348527,30.503,10.472,0.7367978917905625,easy_fixed,5313.427,9.931,0.75,0.891,8,0.0,16.746,0.0,"Addressing corridor_formation, load_balancing; prioritizing corridors NE1->NW1; mitigating anticipatory spillback.",0,11.0,1.0973,0.8719,1.392,0.2634,0.553,0
169,0.5057549366879276,22.837,11.789,0.7435426165481578,easy_fixed,5336.264,9.941,0.0,0.742,8,0.0,14.301,0.166,"Addressing corridor_formation, load_balancing.",0,11.0,1.1183,0.7328,1.3902,0.3155,0.5145,0
170,0.6576407460674771,41.159,11.697,0.740951907756949,easy_fixed,5377.424,9.952,0.25,0.809,8,0.0,3.206,0.865,"Addressing corridor_formation, load_balancing.",0,11.0,1.0321,0.9453,1.393,0.2571,0.5578,0
171,0.6497387660316116,26.034,12.653,0.74362157343245,easy_fixed,5403.458,9.967,1.0,0.893,8,0.0,1.062,0.704,"Addressing corridor_formation, load_balancing.",0,11.0,1.0186,0.7161,1.3916,0.2322,0.5896,0
172,0.6921786720813781,36.19,10.317,0.7576455270200387,easy_fixed,5439.648,9.969,0.0,0.757,8,0.0,21.903,0.672,"Addressing corridor_formation, load_balancing.",0,11.0,0.8811,0.4867,1.3929,0.3404,0.4975,0
173,0.7619586611150551,46.262,6.235,0.7502722969618617,easy_fixed,5485.91,9.948,0.3,0.784,8,0.0,48.714,0.466,"Addressing corridor_formation, load_balancing; prioritizing corridors SE2->NE2, NE0->SE0; mitigating anticipatory spillback.",0,11.0,0.6212,0.3061,1.397,0.2838,0.5445,0
174,0.7326477761336717,28.533,5.205,0.7426154859082095,easy_fixed,5514.442,9.921,0.55,0.842,8,0.0,62.579,1.856,"Addressing corridor_formation, load_balancing; prioritizing corridors NW0->SW0, SW3->SE3; mitigating anticipatory spillback.",0,11.0,0.5549,0.2579,1.3963,0.2059,0.6452,0
175,0.5521689701901228,13.062,7.983,0.7431706380736911,easy_fixed,5527.504,9.91,0.55,0.951,8,0.0,43.595,1.384,"Addressing corridor_formation, load_balancing; prioritizing corridors SE1->SW1, NW3->NE3.",0,11.0,0.8916,0.4965,1.3916,0.2551,0.7353,0
176,0.4754766024615261,19.997,10.293,0.7188811927601809,easy_fixed,5547.501,9.912,0.3,0.852,8,0.0,29.281,0.0,"Addressing corridor_formation, load_balancing; prioritizing corridors NW3->NE3, SE1->SW1.",0,11.0,1.2133,1.5311,1.3884,0.3237,0.5467,0
177,0.6201769455183195,47.653,9.374,0.7259799760180997,easy_fixed,5595.155,9.909,0.0,0.797,8,0.0,24.066,0.0,"Addressing corridor_formation, load_balancing; prioritizing corridors SW2->NW2; mitigating anticipatory spillback.",0,11.0,1.108,1.2797,1.392,0.2249,0.6201,0
178,0.6591672816722158,40.164,9.436,0.7195235722042664,easy_fixed,5635.319,9.906,0.75,0.771,8,0.0,21.147,0.0,"Addressing corridor_formation, load_balancing; prioritizing corridors NE1->NW1; mitigating anticipatory spillback.",0,11.0,0.9661,1.426,1.3937,0.1705,0.5089,0
179,0.6467360750686016,36.275,8.918,0.7327173559793149,easy_fixed,5671.594,9.901,0.45,0.687,9,0.0,8.65,0.0,"Addressing spillback_prevention, corridor_formation.",0,11.0,0.9664,0.62,1.3945,0.3127,0.5305,0
180,0.6805398391692787,31.988,9.02,0.7406052635423401,easy_fixed,5703.582,9.896,0.3,0.824,9,0.0,9.765,0.0,"Addressing corridor_formation, load_balancing.",0,11.0,0.9739,0.5779,1.3941,0.3018,0.5124,0
181,0.6619978872354192,29.921,9.033,0.7408450533936652,easy_fixed,5733.503,9.891,0.3,0.827,9,0.0,20.766,0.0,"Addressing corridor_formation, load_balancing; prioritizing corridors NW0->SW0; mitigating anticipatory spillback.",0,11.0,0.9164,0.4368,1.3931,0.2701,0.4924,0
182,0.7006155985654232,33.407,8.575,0.7393788338720104,easy_fixed,5766.91,9.884,0.55,0.737,9,0.0,36.653,2.11,"Addressing corridor_formation, load_balancing; prioritizing corridors SE2->NE2; mitigating anticipatory spillback.",0,11.0,0.8207,0.3148,1.3929,0.3781,0.6382,0
183,0.555215494880212,19.779,9.887,0.739983974531351,easy_fixed,5786.689,9.884,0.55,0.811,9,0.0,41.939,0.933,"Addressing corridor_formation, load_balancing; prioritizing corridors NE0->SE0, SE1->SW1; mitigating anticipatory spillback.",0,11.0,0.9779,0.749,1.3894,0.3517,0.5982,0
184,0.7303136018978229,35.663,9.761,0.740407389269554,easy_fixed,5822.352,9.883,0.75,0.835,9,0.0,49.165,0.0,"Addressing corridor_formation, load_balancing; prioritizing corridors SW3->SE3, NE0->SE0; mitigating anticipatory spillback.",0,11.0,0.9814,1.0228,1.3896,0.2506,0.4931,0
185,0.7130430664086481,34.045,10.086,0.7480437303167422,easy_fixed,5856.398,9.885,0.3,0.852,9,0.0,34.468,0.0,"Addressing corridor_formation, load_balancing; prioritizing corridors NW3->NE3, NE1->NW1; mitigating anticipatory spillback.",0,11.0,1.0511,0.9282,1.3895,0.2457,0.3387,0
186,0.7346478874785463,53.478,7.417,0.7323699366515837,easy_fixed,5909.876,9.871,0.55,0.879,9,0.0,39.948,0.662,"Addressing corridor_formation, load_balancing.",0,11.0,0.9093,0.5193,1.3939,0.3272,0.4114,0
187,0.7541580047634795,54.729,5.973,0.7423604478345186,easy_fixed,5964.604,9.851,0.3,0.842,9,0.0,21.721,1.915,"Addressing corridor_formation, load_balancing; prioritizing corridors SW2->NW2, NW0->SW0; mitigating anticipatory spillback.",0,11.0,0.7831,0.4439,1.3987,0.2992,0.5354,0
188,0.7783885258730833,34.806,5.875,0.7453879262443439,easy_fixed,5999.411,9.83,0.45,0.842,9,0.0,29.972,1.773,"Addressing corridor_formation, load_balancing.",0,11.0,0.6876,0.336,1.3988,0.3167,0.6066,0
189,0.5874100561645558,17.965,8.0,0.7341141237233357,easy_fixed,6017.376,9.82,1.0,0.849,9,0.0,9.441,2.026,"Addressing corridor_formation, load_balancing; prioritizing corridors SE2->NE2; mitigating anticipatory spillback.",0,11.0,0.9706,0.7082,1.3952,0.3616,0.7156,0
190,0.400654631356209,5.33,11.538,0.7338985893341953,easy_fixed,6022.705,9.829,1.0,0.842,9,0.0,9.441,0.903,"Addressing corridor_formation, load_balancing.",0,11.0,1.1676,0.8622,1.3887,0.3978,0.7277,0
191,0.628870373172815,37.025,11.36,0.7273612566903687,easy_fixed,6059.731,9.837,0.3,0.821,9,0.0,18.435,0.0,"Addressing spillback_prevention, corridor_formation.",0,11.0,1.1241,0.8369,1.3897,0.4125,0.5973,0
192,0.6632381322318304,33.796,11.782,0.7409500424692955,easy_fixed,6093.526,9.847,0.3,0.826,9,0.0,27.24,0.0,"Addressing spillback_prevention, corridor_formation; prioritizing corridors NE0->SE0, SE1->SW1; mitigating anticipatory spillback.",0,11.0,1.0115,0.7868,1.3901,0.3203,0.5107,0
193,0.7373549653092236,50.259,7.861,0.7467487744020687,easy_fixed,6143.786,9.837,0.3,0.817,9,0.0,47.561,0.0,"Addressing spillback_prevention, corridor_formation; prioritizing corridors NW3->NE3.",0,11.0,0.7155,0.4058,1.3944,0.2406,0.686,0
194,0.7981139559420004,36.825,6.669,0.7508173453135101,easy_fixed,6180.611,9.821,0.55,0.882,9,0.0,51.206,0.0,"Addressing spillback_prevention, corridor_formation; prioritizing corridors NE1->NW1, SW3->SE3; mitigating anticipatory spillback.",0,11.0,0.7605,0.3482,1.3956,0.4008,0.5809,0
195,0.5473126953449179,22.27,8.379,0.7262798138332256,easy_fixed,6202.881,9.813,0.3,0.822,9,0.0,46.297,0.0,"Addressing spillback_prevention, corridor_formation; prioritizing corridors NW0->SW0, SW2->NW2; mitigating anticipatory spillback.",0,11.0,0.86,0.5031,1.3934,0.3858,0.6086,0
196,0.4564758335025196,18.67,11.081,0.7274585305106659,easy_fixed,6221.551,9.82,0.3,0.766,9,0.0,27.295,0.959,"Addressing corridor_formation, load_balancing; prioritizing corridors NW0->SW0.",0,11.0,1.1175,0.9081,1.3906,0.4001,0.6381,0
197,0.6570846026057933,30.165,13.041,0.7472874914673562,easy_fixed,6251.715,9.836,1.0,0.76,9,0.0,5.214,0.689,"Addressing corridor_formation, load_balancing; prioritizing corridors NW0->SW0.",0,11.0,1.2642,1.1613,1.3905,0.3568,0.5922,0
198,0.4805666447761004,19.167,16.159,0.7465765797026503,easy_fixed,6270.883,9.868,1.0,0.694,9,0.0,1.318,0.494,"Addressing corridor_formation, load_balancing.",0,11.0,1.3348,1.6354,1.388,0.3389,0.6914,0
199,0.5253940139397973,30.456,16.484,0.73853500885585,easy_fixed,6301.338,9.901,0.0,0.804,9,0.0,0.0,0.451,"Addressing corridor_formation, load_balancing.",0,11.0,1.2525,0.856,1.3882,0.3202,0.5236,0
